language,type,metric,model,n_rows,n_cases,status,reml_loglike,resid_var,rand_intercept_var,estimate_lvl,se_lvl,z_or_t_lvl,p_lvl,p_lvl_fdr_bh,sig_fdr_bh
english,delete,bleu_score,,15,5,ok,20.499458668928472,0.0008611322715999797,0.0023311763242948834,-0.0831925320395567,0.009279721286762766,-8.96498175631937,3.103322322044561e-19,1.8456601178475543e-18,True
english,delete,rouge_1,,15,5,ok,25.905097817910054,0.00044278689967491364,0.0006361146710456831,-0.04763255725323399,0.006654223468406465,-7.1582443059491805,8.171683185070604e-13,2.6382862854656522e-12,True
english,delete,rouge_2,,15,5,ok,24.33006166411798,0.0005547203886671572,0.0008524824465711444,-0.0592220224348317,0.007447955348061353,-7.951447030391602,1.8434544076672764e-15,7.061367731064482e-15,True
english,delete,rouge_3,,15,5,ok,22.17744755614032,0.0007525755926058645,0.0012813044083515954,-0.07153833497588444,0.008675111484043676,-8.246387969476412,1.6325404578531305e-16,6.832484138422361e-16,True
english,delete,rouge_4,,15,5,ok,20.489128381143548,0.0009539360910677318,0.0017724637458181062,-0.08343643324875441,0.009766965194305404,-8.542718397051496,1.3110060887670332e-17,6.172653667944782e-17,True
english,delete,rouge_l_score,,15,5,ok,25.905097817910054,0.00044278689967491364,0.0006361146710456831,-0.04763255725323399,0.006654223468406465,-7.1582443059491805,8.171683185070604e-13,2.6382862854656522e-12,True
english,delete,Gemma3n E2B,,15,5,ok,-19.217064846982826,0.49259290143552403,0.5246902832687513,0.7,0.22194434019265374,3.1539439095062343,0.0016108004211045756,0.0021042826310383473,True
english,delete,Gemma3n E4B,,15,5,ok,-17.255410156244423,0.3444444180230264,0.462963071489673,1.2999999999999998,0.18559213830952712,7.004607047696622,2.4767999045691462e-12,7.564280789630096e-12,True
english,delete,DeepSeek R1,,15,5,ok,-22.733380237165868,1.31531633995487,7.889590054789176e-05,2.5,0.3626729022073292,6.893263833013985,5.4526609576104955e-12,1.621449179499963e-11,True
english,delete,gpt 3.5,,15,5,ok,-33.74319459592859,4.9814817484919685,3.728394322817515,3.4999999999999987,0.7057961283892088,4.958939074924956,7.0879189409624e-07,1.4302407863013415e-06,True
english,delete,gpt 4,,15,5,ok,-31.00214054721198,3.796272762791494,1.2568331483869106,3.5,0.6161390072695848,5.680536305451951,1.342730457249661e-08,3.128423539571375e-08,True
english,delete,gpt-4.1,,15,5,ok,-22.924022147645623,1.203709433387712,0.18764610413069627,2.5,0.3469451589787227,7.205749771402111,5.772532488431536e-13,1.9185181505669515e-12,True
english,delete,gpt-4o,,15,5,ok,-33.268453366837925,6.358375330902074,0.3349017036132363,3.4,0.797394214357119,4.263888474211181,2.008997460594813e-05,3.439647167382028e-05,True
english,delete,gpt-5,,15,5,ok,-24.75629198771393,1.3074103637760595,0.7864125492517533,5.699999999999998,0.3615812998173522,15.764089577860565,5.495858812638825e-56,1.0350534097136454e-54,True
english,delete,gpt-5 mini,,15,5,ok,-26.159133620004546,1.362992994891468,1.7900021809235314,4.800000000000001,0.36918735012070336,13.001528894288152,1.1992156289878558e-38,1.355113660756277e-37,True
english,delete,gpt-5 nano,,15,5,ok,-31.00500921129555,3.3073462421746815,2.342139029575273,3.3,0.5750953175061227,5.7381792192471925,9.569981693134689e-09,2.2766482764720418e-08,True
english,delete,gpt-oss-120b,,15,5,ok,-29.464193940530514,2.5481389467325783,2.0173103091123137,4.199999999999998,0.5047909415523003,8.320276087135065,8.775865187302216e-17,3.742161381755284e-16,True
english,delete,gpt-oss-20b,,3,1,ok,-2.8052328943245635,2.666666666666668,2.666666666666668,5.0,1.154700538379252,4.330127018922192,1.4902335792427773e-05,2.6107968132470363e-05,True
english,delete,bleurt_score,,15,5,ok,5.131466174746841,0.011112550276252298,0.014323904099507715,-0.08671519234776495,0.033335492011146765,-2.601287310196862,0.009287463526301774,0.010875475424581352,True
english,delete,bertscore_f1__roberta-large,,15,5,ok,26.009446533160073,0.0004590154781371383,0.0005329934662056773,-0.08666203022003174,0.006775068103990825,-12.791314993421814,1.8334508706922912e-37,1.97314236560218e-36,True
english,delete,bertscore_f1__xlm-roberta-base,,15,5,ok,46.524600832508874,3.035877341802738e-05,7.318167458315831e-07,-0.014661824703216553,0.0017423769229999405,-8.414840962179717,3.934283107851443e-17,1.778295964748852e-16,True
english,delete,bertscore_precision__roberta-large,,15,5,ok,22.68127457076889,0.0006447154186989796,0.0014718807923239075,-0.06406738162040712,0.008029417280842862,-7.979082339295469,1.474252088965717e-15,5.744499519073311e-15,True
english,delete,bertscore_precision__xlm-roberta-base,,15,5,ok,44.10659081557652,3.2148655661153704e-05,2.1241329486554877e-05,-0.01088259220123291,0.001793004619658123,-6.069472483181847,1.2833107690005076e-09,3.187123448286975e-09,True
english,delete,bertscore_recall__roberta-large,,15,5,ok,21.544697754092997,0.0008959945482464396,0.0011212279003266269,-0.10884077548980708,0.009465698855586098,-11.498440543095839,1.3432029408673565e-30,1.2142554585440903e-29,True
english,delete,bertscore_recall__xlm-roberta-base,,15,5,ok,41.438358030934054,5.45440741846942e-05,1.8751008163347697e-05,-0.018309003114700323,0.0023354672805392554,-7.8395459732036175,4.5217838944931994e-15,1.7032052669257716e-14,True
english,modify,bleu_score,,15,5,ok,11.560800675572256,0.005078261168745276,0.002524789086373183,-0.11371491363745352,0.022534997600943463,-5.046147137494821,4.5080828967454796e-07,9.262061224222531e-07,True
english,modify,rouge_1,,15,5,ok,14.370717183717709,0.0036501230868798596,0.0009588009244828566,-0.07916517872714586,0.019105295304914442,-4.143624972223395,3.418586354181584e-05,5.639419825146262e-05,True
english,modify,rouge_2,,15,5,ok,10.518441170794606,0.005830353502623396,0.0032619033859951755,-0.11231227783363242,0.024146124953340644,-4.651358263516891,3.2975587959262497e-06,6.108592523601086e-06,True
english,modify,rouge_3,,15,5,ok,9.383881058719396,0.006460053914593302,0.005134493069502093,-0.12702838978873565,0.025416636116121466,-4.997844294122111,5.797476676269913e-07,1.1803871430963968e-06,True
english,modify,rouge_4,,15,5,ok,8.231814340834866,0.0072381685851352845,0.007624971283029121,-0.1389842144548119,0.02690384467903293,-5.16596107779075,2.3920656943436726e-07,5.005618952978426e-07,True
english,modify,rouge_l_score,,15,5,ok,13.007983583999398,0.004369176356402976,0.00141285202035552,-0.08976474205711878,0.02090257485670839,-4.294434665225468,1.751390467438617e-05,3.0447249664702112e-05,True
english,modify,Gemma3n E2B,,15,5,ok,-12.66532600912857,0.2794871792776625,2.378890959880658e-10,0.899999999999998,0.16717870058044548,5.383460912635356,7.306712003160676e-08,1.6189381497199145e-07,True
english,modify,Gemma3n E4B,,15,5,ok,-24.01699326663809,1.6025544316320877,2.1900521152180764e-05,3.3,0.4003191766118739,8.243422231055115,1.6735371208408265e-16,6.876716169273215e-16,True
english,modify,DeepSeek R1,,15,5,ok,-30.11802612954414,2.7888847397211625,2.314827058493741,4.299999999999998,0.5280989244186322,8.14241385689951,3.874741688742531e-16,1.557581605202123e-15,True
english,modify,gpt 3.5,,15,5,ok,-31.93477225416597,5.417914884088309,0.00011915869595206852,2.299999999999999,0.7360648669844464,3.1247246039914574,0.0017797159503038238,0.002285317072549228,True
english,modify,gpt 4,,15,5,ok,-32.63615131650355,5.796779121607738,0.2706379078084645,5.4,0.7613658201947167,7.092516969856841,1.3169448578452217e-12,4.191965322155213e-12,True
english,modify,gpt-4.1,,15,5,ok,-22.88403613608191,1.3461372319332117,0.00010386163225052765,3.0999999999999956,0.3668974287090616,8.44922792429325,2.932355093218183e-17,1.352473981770019e-16,True
english,modify,gpt-4o,,15,5,ok,-27.133293778004152,1.914810365688928,1.0617387656655037,3.9000000000000012,0.4375854620172988,8.912544722168638,4.987442949286947e-19,2.890159247535513e-18,True
english,modify,gpt-5,,15,5,ok,-44.11958553761733,29.18495529510811,8.349779748985394,10.000000000000005,1.7083604799663357,5.8535655192615215,4.811445799028741e-09,1.1692330651403178e-08,True
english,modify,gpt-5 mini,,15,5,ok,-30.69947735929148,3.0814709633098007,2.4395363033141546,5.3999999999999995,0.5551099857964907,9.727801945864648,2.2949832557981395e-22,1.4819034737439416e-21,True
english,modify,gpt-5 nano,,15,5,ok,-33.247703910061595,6.630769230769238,1.8200563786077924e-32,5.600000000000002,0.814295353711983,6.8771115719527085,6.107827431132448e-12,1.792687012254459e-11,True
english,modify,gpt-oss-120b,,15,5,ok,-39.27861984806744,14.8333692082846,2.4221701769853543,8.5,1.217923199889246,6.9790935920860715,2.970905227914989e-12,8.9523277534505e-12,True
english,modify,gpt-oss-20b,,6,2,ok,-9.402326005138658,1.8888884125574017,2.925928774577727,4.500000000000001,0.6871841842907551,6.548462701661949,5.8132371158300975e-11,1.621964923676052e-10,True
english,modify,bleurt_score,,15,5,ok,-3.01099239499543,0.06080001028607533,0.002819918538997342,-0.21954752802848806,0.07797436135427806,-2.8156373994648,0.004868057572306588,0.005946924385628588,True
english,modify,bertscore_f1__roberta-large,,15,5,ok,10.17934036219632,0.006706899204138462,0.002264492310733292,-0.10391070544719713,0.025897681757521197,-4.01235548494681,6.0115881291651e-05,9.704420837080805e-05,True
english,modify,bertscore_f1__xlm-roberta-base,,15,5,ok,31.293665742267393,0.0002659682929819087,7.811236243939714e-05,-0.018755781650543205,0.005157211387774487,-3.6368068400308418,0.00027603877191234556,0.000399902323411475,True
english,modify,bertscore_precision__roberta-large,,15,5,ok,10.488346588110542,0.006373208358585563,0.002200665861973625,-0.10515167713165283,0.02524521411789879,-4.165212330566076,3.110629247394489e-05,5.207423777119662e-05,True
english,modify,bertscore_precision__xlm-roberta-base,,15,5,ok,31.374749036157638,0.00026400597684401116,7.48312781908083e-05,-0.019428837299346923,0.005138151193221266,-3.781289527832361,0.00015601809580401607,0.00023506726434471755,True
english,modify,bertscore_recall__roberta-large,,15,5,ok,9.739943665932458,0.007221742317312277,0.002339191791416457,-0.10301433503627773,0.02687329960632352,-3.8333340730528516,0.00012641808341742617,0.00019174823390831082,True
english,modify,bertscore_recall__xlm-roberta-base,,15,5,ok,31.153966644041006,0.000271178905570112,8.080184665841891e-05,-0.018086606264114572,0.005207484090903325,-3.4731947229006606,0.0005143020715433243,0.0007219395538434242,True
english,synonyms,bleu_score,,15,5,ok,35.91142625848809,7.288343836167729e-05,0.00028072827789527184,-0.04831225656219407,0.002699693285572961,-17.895461243828173,1.279331902870029e-71,3.614112625607832e-70,True
english,synonyms,rouge_1,,15,5,ok,46.51073253808428,1.3171984670520351e-05,6.71284003810239e-05,-0.019845857962441694,0.0011476926709934306,-17.291961919791063,5.407991454860607e-67,1.2222060687984972e-65,True
english,synonyms,rouge_2,,15,5,ok,41.37224999292279,2.9596465635033592e-05,0.00014119632306227738,-0.046270678936278384,0.0017203623349467281,-26.895891636520382,2.4532012077307214e-159,1.3860586823678577e-157,True
english,synonyms,rouge_3,,15,5,ok,32.642407586047455,0.00013155247235305535,0.0003702754301572146,-0.06511879675710544,0.0036270162992886506,-17.953819719496956,4.4800426911703425e-72,1.446413783149282e-70,True
english,synonyms,rouge_4,,15,5,ok,29.394167365642353,0.0002101626637576787,0.0006622675218060409,-0.08076068315799981,0.004584350158503151,-17.61660439663475,1.8370596399622956e-69,4.613060873683098e-68,True
english,synonyms,rouge_l_score,,15,5,ok,43.33664577837424,2.8824070600161802e-05,5.043074494582271e-05,-0.027482366884233934,0.0016977653135861212,-16.187376820759777,6.191222971200764e-59,1.2720149013557935e-57,True
english,synonyms,Gemma3n E2B,,15,5,ok,-40.480772130331694,18.877659245498585,1.5186683837565753,-0.8999999999999971,1.3739599428476288,-0.6550409309129375,0.5124414014224494,0.5312465904654752,False
english,synonyms,Gemma3n E4B,,15,5,ok,-28.412130584438984,2.5666668464117866,0.8111107885815081,2.3000000000000016,0.5066228228585626,4.539866536257701,5.628984732847164e-06,1.0342687395312676e-05,True
english,synonyms,DeepSeek R1,,15,5,ok,-16.473896208759598,0.3592594910858976,0.23580187562882468,0.1,0.18954141792386636,0.5275891733603433,0.5977845090564344,0.6085554011115053,False
english,synonyms,gpt 3.5,,15,5,ok,-26.153303083715066,2.224879144253325,0.0013798263390504162,0.19999999999999984,0.47168624574533896,0.4240106676928181,0.6715580334302796,0.6805924464360682,False
english,synonyms,gpt-4.1,,15,5,ok,-13.760345402755743,0.33076923076923076,1.0366853966699136e-33,0.10000000000000007,0.18187062180825983,0.549841414769158,0.582428149980837,0.5983125540712235,False
english,synonyms,gpt-4o,,15,5,ok,-17.373939172197524,0.566645454857505,0.011135028435650566,0.29999999999999993,0.23804315887197955,1.260275663546126,0.20756993600307105,0.22234298153425133,False
english,synonyms,gpt-5,,15,5,ok,-8.784804428848524,0.15384615384615383,2.0413513410192568e-34,4.4408920985006264e-17,0.12403473458920845,3.580361673049448e-16,0.9999999999999997,1.0,False
english,synonyms,gpt-5 mini,,15,5,ok,-3.091979419512098,0.06296060609527832,0.0012372253817389644,0.10000000000000002,0.07934771962399313,1.2602756635461274,0.2075699360030706,0.22234298153425133,False
english,synonyms,gpt-5 nano,,15,5,ok,-17.828693855940347,0.3592592023408144,0.5802471820848266,0.1,0.18954134175446113,0.5275893853782238,0.5977843618694125,0.6085554011115053,False
english,synonyms,bleurt_score,,15,5,ok,11.54387368435232,0.001875119598475797,0.03939511661408313,-0.026855161786079402,0.01369350064255228,-1.9611611732523329,0.049860224529671954,0.057491891549519704,False
english,synonyms,bertscore_f1__roberta-large,,15,5,ok,34.839418718689714,9.264372159216939e-05,0.0002729935393664139,-0.017001032829284623,0.0030437431164960257,-5.585567565523173,2.3293820128608558e-08,5.3175791404702365e-08,True
english,synonyms,bertscore_f1__xlm-roberta-base,,15,5,ok,50.48224120032685,8.73008687323249e-06,2.186094748582996e-05,-0.004472512006759688,0.0009343493390179334,-4.786766383824503,1.6948992955421326e-06,3.273908040961726e-06,True
english,synonyms,bertscore_precision__roberta-large,,15,5,ok,34.98838062418393,8.459521604181313e-05,0.0003178651900588328,-0.016960567235946654,0.0029085256753519145,-5.831328009127692,5.4987970873014615e-09,1.3220512146065217e-08,True
english,synonyms,bertscore_precision__xlm-roberta-base,,15,5,ok,49.6271195692378,9.758510470486142e-06,2.6314298795937966e-05,-0.004762744903564489,0.0009878517333327982,-4.821315530313458,1.4261456678399091e-06,2.7785251804467193e-06,True
english,synonyms,bertscore_recall__roberta-large,,15,5,ok,34.12724195869097,0.0001090117867969017,0.0002645214405624359,-0.017096441984176678,0.0033016933049104017,-5.178083003272961,2.241774938696487e-07,4.770311080534285e-07,True
english,synonyms,bertscore_recall__xlm-roberta-base,,15,5,ok,51.19251810678755,7.827469510391216e-06,1.9590799436130203e-05,-0.004180419445037842,0.0008847298746166095,-4.725080010267985,2.30024771405407e-06,4.332133194801831e-06,True
finnish,delete,bleu_score,,15,5,ok,23.03474590865207,0.0005711417456182959,0.0016661794076768715,-0.09221762078465837,0.007557392047646436,-12.202307383719399,3.02139037996604e-34,2.9688444603144565e-33,True
finnish,delete,rouge_1,,15,5,ok,26.951651499814822,0.0004117147853770763,0.00040977201671572416,-0.05662724626758618,0.0064165004899639526,-8.825253945847406,1.0921170770076586e-18,5.6095104409938826e-18,True
finnish,delete,rouge_2,,15,5,ok,26.72275724289547,0.0004385678918813913,0.0003858680090917034,-0.07213674623934,0.00662244586147287,-10.892764961508703,1.2479294325306481e-27,9.725243163859534e-27,True
finnish,delete,rouge_3,,15,5,ok,24.78866452107239,0.000557295536385391,0.0006305007403286861,-0.08675851680669489,0.007465222946338516,-11.621691331971206,3.1974285294603134e-31,3.010911865241795e-30,True
finnish,delete,rouge_4,,15,5,ok,23.98217609075195,0.0006121952902745427,0.0007848259790885,-0.09940344643606433,0.007824290960045789,-12.704467017351641,5.584862581776107e-37,5.737177015824547e-36,True
finnish,delete,rouge_l_score,,15,5,ok,26.951651499814822,0.0004117147853770763,0.00040977201671572416,-0.05662724626758618,0.0064165004899639526,-8.825253945847406,1.0921170770076586e-18,5.6095104409938826e-18,True
finnish,delete,Gemma3n E2B,,15,5,ok,-17.88976512690735,0.4148067452918269,0.3839761662145294,0.6000000000000001,0.2036680498487249,2.9459701727671668,0.003219434435768279,0.0040198463120642595,True
finnish,delete,Gemma3n E4B,,15,5,ok,-24.866913159680685,1.3037043619527606,0.8654304024986837,1.6,0.36106846469232956,4.431292556560922,9.36698996955201e-06,1.6801108993005987e-05,True
finnish,delete,DeepSeek R1,,15,5,ok,-32.63883395397861,5.081481556988351,1.272839381818569,2.399999999999998,0.7128451134004041,3.366790281484221,0.0007604849787625102,0.0010416339709110746,True
finnish,delete,gpt 3.5,,15,5,ok,-29.2583849189106,2.9074057647708598,0.9530894108557358,1.4999999999999996,0.5392036502816778,2.7818802769907167,0.005404497314577685,0.00656675480158364,True
finnish,delete,gpt 4,,15,5,ok,-33.53532882520178,6.930769230769233,4.07879025377634e-33,2.9000000000000017,0.8325124161698266,3.4834315304775254,0.000495029727956384,0.0006992294907383924,True
finnish,delete,gpt-4.1,,15,5,ok,-23.774386582801228,0.8777776736347307,1.540741264861686,2.099999999999999,0.29627312966834013,7.088054196311432,1.3601071078336794e-12,4.269225088477938e-12,True
finnish,delete,gpt-4o,,15,5,ok,-39.057177340474816,16.2076923076923,6.528517731291343e-32,4.300000000000002,1.2730943526578187,3.3775972621533987,0.0007312208859454044,0.0010076580501442768,True
finnish,delete,gpt-5,,15,5,ok,-26.887377503397737,2.4923076923076968,3.8169222325720622e-34,5.600000000000003,0.4992301766027067,11.21727063477685,3.3546455501560914e-29,2.9159611320587563e-28,True
finnish,delete,gpt-5 mini,,15,5,ok,-27.837563819555257,2.8846153846153846,7.485136725037179e-33,4.5,0.5370861555295748,8.378544026261363,5.358643843359975e-17,2.374614722743832e-16,True
finnish,delete,gpt-5 nano,,15,5,ok,-34.14762678108372,7.615384615384619,3.3084926475442467e-32,3.4000000000000017,0.8726617108241096,3.8961260220631964,9.774354406142802e-05,0.00015340306220751898,True
finnish,delete,gpt-oss-120b,,15,5,ok,-22.000099757009274,0.7296394963525878,0.9011964590054421,4.1,0.2701183992904941,15.178529158951244,4.9066111378403006e-52,8.529954747322369e-51,True
finnish,delete,bleurt_score,,15,5,ok,9.280260057500124,0.0025912636153610042,0.05907812161432518,0.02028654813766479,0.016097402322614057,1.2602373806092746,0.2075837418153148,0.22234298153425133,False
finnish,delete,bertscore_f1__roberta-large,,15,5,ok,38.405963317241586,6.419930491951947e-05,9.51797048097926e-05,-0.021096938848495395,0.002533758175507668,-8.32634268432834,8.337821689001414e-17,3.6237455802198455e-16,True
finnish,delete,bertscore_f1__xlm-roberta-base,,15,5,ok,39.976549940579545,6.26658642980341e-05,3.5241624298601046e-05,-0.019112360477447504,0.002503315087998993,-7.634820150716557,2.261358787461426e-14,7.98542321822316e-14,True
finnish,delete,bertscore_precision__roberta-large,,15,5,ok,37.47519128564906,7.44102489937102e-05,0.0001083971880295346,-0.021332103013992368,0.0027278242060974206,-7.820189793136002,5.274375338373727e-15,1.9225948814071976e-14,True
finnish,delete,bertscore_precision__xlm-roberta-base,,15,5,ok,38.56688367834788,6.871989290771957e-05,6.939010501699385e-05,-0.01688564419746381,0.002621447937833585,-6.44134257017457,1.1842124228051796e-10,3.186095328023459e-10,True
finnish,delete,bertscore_recall__roberta-large,,15,5,ok,39.0619935425497,5.8233580370732094e-05,8.517390508217439e-05,-0.020854932069778443,0.002413163491575572,-8.642154641649292,5.5162695743046675e-18,2.7101672256366408e-17,True
finnish,delete,bertscore_recall__xlm-roberta-base,,15,5,ok,39.009288405261046,7.435657404286593e-05,3.717090134986482e-05,-0.021254980564117433,0.0027268401867888395,-7.794729103339041,6.454680237493323e-15,2.3154884661483985e-14,True
finnish,modify,bleu_score,,15,5,ok,11.530403579285878,0.004556821335959461,0.003945295771173976,-0.11331513197351155,0.021346712477474047,-5.308317713703525,1.1064166069151998e-07,2.404328395796492e-07,True
finnish,modify,rouge_1,,15,5,ok,12.787380789226354,0.004216216380744147,0.002065903981093466,-0.08711050022486048,0.020533427333847967,-4.242375070101654,2.211666619250128e-05,3.7581703454926984e-05,True
finnish,modify,rouge_2,,15,5,ok,9.019250062552455,0.0069243968201725264,0.005172695253234325,-0.11802566858310196,0.02631424865006129,-4.485238022664464,7.2832583983779294e-06,1.3168131184267296e-05,True
finnish,modify,rouge_3,,15,5,ok,7.631421553399333,0.008037762293040547,0.008026519407976523,-0.13303212731145508,0.028350947590936967,-4.69233442320573,2.7010512112972184e-06,5.044938626059267e-06,True
finnish,modify,rouge_4,,15,5,ok,6.607021003552138,0.009072534186043726,0.0105817612762565,-0.14355207657990005,0.030120647712231764,-4.76590271070448,1.8800996921086802e-06,3.6008689018352688e-06,True
finnish,modify,rouge_l_score,,15,5,ok,11.460311854708454,0.0051156743210317695,0.0026569965261126127,-0.09848305480770968,0.022617856487810176,-4.354216981648407,1.3354338492410726e-05,2.357875390066269e-05,True
finnish,modify,Gemma3n E2B,,15,5,ok,-18.371311485865224,0.5074041900055941,0.2530935161661413,1.1,0.22525634064451863,4.8833253565808885,1.0431154004324156e-06,2.0679936233227236e-06,True
finnish,modify,Gemma3n E4B,,15,5,ok,-22.128255922093338,0.6962961858655938,1.1234573106556578,3.8,0.26387424767597045,14.40079899220133,5.114876819055738e-47,7.706414407377311e-46,True
finnish,modify,DeepSeek R1,,15,5,ok,-34.95745954321645,8.625540057624544,0.0003043802767038351,1.6000000000000012,0.9287378563203154,1.7227681515419697,0.0849304603323297,0.09645368861862569,False
finnish,modify,gpt 3.5,,15,5,ok,-35.109430408250795,8.11858331460514,0.8492972688516695,2.4,0.901031814899182,2.6636129383162124,0.007730645676342565,0.00914725614059382,True
finnish,modify,gpt 4,,15,5,ok,-27.15387587863392,1.896294043558443,1.1234622335247397,4.6000000000000005,0.435464584502396,10.563430790259112,4.4027029595601614e-26,3.316702896201988e-25,True
finnish,modify,gpt-4.1,,15,5,ok,-27.450860594085988,2.7179334525312457,7.93268061649664e-05,3.4000000000000026,0.5213380335762249,6.521680332196381,6.952406628953639e-11,1.9130425719259192e-10,True
finnish,modify,gpt-4o,,15,5,ok,-26.855532449487256,1.9555556767940228,0.7592590220061806,3.800000000000003,0.4422166524220931,8.593073054094141,8.467366458050359e-18,4.0715421691901727e-17,True
finnish,modify,gpt-5,,15,5,ok,-41.61703336571998,19.733064203376955,5.900472623420387,9.200000000000003,1.4047442544241626,6.549234831198008,5.783263045732916e-11,1.621964923676052e-10,True
finnish,modify,gpt-5 mini,,15,5,ok,-33.217471297419344,6.600000000000003,9.80066590396684e-35,5.400000000000002,0.812403840463596,6.64694051288397,2.992479000457059e-11,8.560762710168296e-11,True
finnish,modify,gpt-5 nano,,15,5,ok,-29.26226608896922,3.290702552919684,0.36068862542674335,5.1,0.5736464549633064,8.890493362024218,6.083816987627444e-19,3.437356598009506e-18,True
finnish,modify,gpt-oss-120b,,15,5,ok,-40.20867804359016,18.488880900871354,0.9814910892745421,7.399999999999994,1.3597382432244582,5.4422239257254175,5.261947151894334e-08,1.1892000563281195e-07,True
finnish,modify,gpt-oss-20b,,3,1,fit_failed: LinAlgError: Singular matrix,,,,,,,,,
finnish,modify,bleurt_score,,15,5,ok,3.160302158520558,0.012290863129113528,0.034406796386681926,0.03301959931850433,0.035058327297681394,0.9418475399049658,0.3462707017513118,0.3674045943464623,False
finnish,modify,bertscore_f1__roberta-large,,15,5,ok,31.137953810025408,0.0002344206094714117,0.00016135841074997777,-0.015016472339630127,0.004841700212439962,-3.101487428124472,0.001925510484238386,0.0024585614092535323,True
finnish,modify,bertscore_f1__xlm-roberta-base,,15,5,ok,32.604537323688206,0.00018264837966365337,0.00014081138664717298,-0.014670431613922114,0.004273738172415963,-3.432693118312593,0.0005976181084058994,0.0008323679926702525,True
finnish,modify,bertscore_precision__roberta-large,,15,5,ok,32.041506466320385,0.00020320328924223563,0.0001425201268552603,-0.014819800853729248,0.004507807551817577,-3.2875850806349995,0.0010105064991182005,0.001359371838099484,True
finnish,modify,bertscore_precision__xlm-roberta-base,,15,5,ok,32.31569399605927,0.00019605039089262957,0.0001333614367583053,-0.016194063425064093,0.0044277577947831525,-3.6573959497387527,0.0002547906357970143,0.00037391353045535864,True
finnish,modify,bertscore_recall__roberta-large,,15,5,ok,30.280751886064735,0.00026819204419301285,0.0001822023685414546,-0.01520804762840271,0.005178726138665887,-2.9366387063519293,0.003317904044295926,0.004120034692367468,True
finnish,modify,bertscore_recall__xlm-roberta-base,,15,5,ok,32.585812431846975,0.00018105498772821215,0.00014729330897330284,-0.013147252798080449,0.004255055672117725,-3.089795718592117,0.0020029420434874235,0.002543061246225605,True
finnish,synonyms,bleu_score,,15,5,ok,43.264756532824684,1.5302779148538152e-05,0.0002535765301001079,-0.045378411762894665,0.001237044023005574,-36.68294007244897,1.366327171507845e-294,1.543949703803865e-292,True
finnish,synonyms,rouge_1,,15,5,ok,44.32934724957888,2.6746400548013375e-05,3.433310982477542e-05,-0.023044643500770873,0.0016354326812196634,-14.090854221883822,4.3230058743737686e-45,5.747054868285127e-44,True
finnish,synonyms,rouge_2,,15,5,ok,39.40114668886805,4.7520647887712154e-05,0.00012362911059308888,-0.04465773420557598,0.0021799231153348544,-20.48592167835065,2.8749121289272964e-93,1.082883568562615e-91,True
finnish,synonyms,rouge_3,,15,5,ok,38.648168154204456,4.2590419835306023e-05,0.00024583075716124196,-0.06103845182687987,0.002063744650757598,-29.57655241140067,2.992767142672637e-192,2.2545512474800535e-190,True
finnish,synonyms,rouge_4,,15,5,ok,37.86959628740175,3.835145583809125e-05,0.00047309366047355877,-0.07512174801223383,0.001958352773074638,-38.35966075422241,0.0,0.0,True
finnish,synonyms,rouge_l_score,,15,5,ok,42.74964488655335,3.341134327358182e-05,4.661734143531565e-05,-0.025444778924495547,0.0018278770000626906,-13.92039996324855,4.762316308972207e-44,5.979352699042882e-43,True
finnish,synonyms,Gemma3n E2B,,15,5,ok,-36.948882273602315,11.710719048912697,0.00797908797853261,-1.1000000000000008,1.0821607574160463,-1.016484835974417,0.3093985649861539,0.32983054569278675,False
finnish,synonyms,Gemma3n E4B,,15,5,ok,-30.88035384367111,2.8630002824204337,3.5233130256554093,3.3000000000000007,0.5350701152578449,6.167416018758147,6.941495762182058e-10,1.7626719575878035e-09,True
finnish,synonyms,DeepSeek R1,,15,5,ok,-22.45426520139535,0.9185210072159042,0.5493766708018296,0.8,0.30307111495751365,2.6396444943694117,0.008299303557245891,0.009768971895508185,True
finnish,synonyms,gpt 3.5,,15,5,ok,-32.1436007854739,4.492593941915401,1.5580221767214149,2.3000000000000007,0.6702681509601515,3.4314624627550585,0.0006003362071028812,0.0008323679926702525,True
finnish,synonyms,gpt-4.1,,15,5,ok,-21.40294670072778,0.8444471665381348,0.32962428995499854,0.19999999999999993,0.2905937312706753,0.6882460923209274,0.4912978226515491,0.5116742300426271,False
finnish,synonyms,gpt-4o,,15,5,ok,-21.720811942514107,0.8592611025676822,0.4024651962835841,0.4000000000000001,0.2931315579339219,1.3645750147794342,0.17238666208605724,0.1919181558199455,False
finnish,synonyms,gpt-5,,15,5,ok,-8.63715686121111,0.06296497501672407,0.33454166828643583,0.1,0.07935047259892285,1.260231939706903,0.20758570399879217,0.22234298153425133,False
finnish,synonyms,gpt-5 mini,,15,5,ok,-7.728431387112991,0.13076923076923078,4.824710585617069e-34,0.10000000000000005,0.1143543749793731,0.8744746321952067,0.38185982928047746,0.4013968438018042,False
finnish,synonyms,gpt-5 nano,,15,5,ok,-10.871782294903689,0.13703706807811727,0.14320976992695766,0.1,0.11706283273444108,0.8542420994275067,0.3929708612247983,0.4111639566518723,False
finnish,synonyms,gpt-oss-120b,,15,5,ok,-9.295679212649027,0.12222281135752217,0.07036896896133747,0.3,0.11055442612465688,2.7135955611739293,0.006655736863194128,0.00800104537809507,True
finnish,synonyms,gpt-oss-20b,,12,4,ok,-7.3861730417189175,0.16250000000000003,5.299204476649186e-34,0.12500000000000006,0.14252192813739226,0.8770580193070295,0.3804551252503884,0.4013968438018042,False
finnish,synonyms,bleurt_score,,15,5,ok,109.68524491385969,1.189011309653186e-12,0.009689412523939688,-0.0,3.4482043292896466e-07,-0.0,1.0,1.0,False
finnish,synonyms,bertscore_f1__roberta-large,,15,5,ok,53.45681726189306,6.985580842697698e-06,6.9154368698111184e-06,-0.004974907636642279,0.0008357978728554947,-5.952285592263544,2.644234257265802e-09,6.495618936326862e-09,True
finnish,synonyms,bertscore_f1__xlm-roberta-base,,15,5,ok,51.48575074800117,1.0395352706225323e-05,6.660867979663346e-06,-0.005388599634170532,0.0010195760249351357,-5.2851376477917364,1.2561027236078728e-07,2.703611576527421e-07,True
finnish,synonyms,bertscore_precision__roberta-large,,15,5,ok,54.13613564807185,7.37474644427738e-06,3.3677560213641833e-06,-0.0052454054355622745,0.0008587634391540769,-6.108091234914762,1.0082971371405425e-09,2.53194614437514e-09,True
finnish,synonyms,bertscore_precision__xlm-roberta-base,,15,5,ok,50.426817819298286,1.1739211265562215e-05,9.166165274138588e-06,-0.005608826875686469,0.0010834764079370727,-5.176694974250168,2.2585101133503035e-07,4.770311080534285e-07,True
finnish,synonyms,bertscore_recall__roberta-large,,15,5,ok,52.706765900938244,6.733158547213261e-06,1.2367056710024963e-05,-0.0047033727169036865,0.0008205582579691258,-5.731918082872618,9.930123102269094e-09,2.337716480325849e-08,True
finnish,synonyms,bertscore_recall__xlm-roberta-base,,15,5,ok,52.59382228784455,9.169199238265119e-06,4.6608973456065625e-06,-0.005168062448501587,0.000957559357860656,-5.397119673132204,6.771922159551794e-08,1.5153013941175302e-07,True
swedish,delete,bleu_score,,15,5,ok,20.469249621715452,0.0008196273413502724,0.0026973365209547987,-0.08597070698209712,0.009053327241132248,-9.49603440727337,2.1803574667521495e-21,1.3317859121242859e-20,True
swedish,delete,rouge_1,,15,5,ok,25.91440733644803,0.00043924888069189793,0.0006478630081309611,-0.050337231537382905,0.006627585387544229,-7.595108715156781,3.0753413558924277e-14,1.053071433987407e-13,True
swedish,delete,rouge_2,,15,5,ok,24.657564939386837,0.0005077965975297886,0.0009051940345026023,-0.06328430575647173,0.00712598482688385,-8.88078031231868,6.639296175017931e-19,3.64988251720334e-18,True
swedish,delete,rouge_3,,15,5,ok,23.20179257228299,0.0006073424047988873,0.001284800688393501,-0.07572265958358564,0.007793217594799258,-9.716482141358219,2.5648992549043843e-22,1.6101867544677524e-21,True
swedish,delete,rouge_4,,15,5,ok,21.520661497884817,0.0007597578538820703,0.0018295246472178524,-0.08731551003726455,0.008716408973207204,-10.017371867893987,1.2785760017777222e-23,9.029943012555163e-23,True
swedish,delete,rouge_l_score,,15,5,ok,25.91440733644803,0.00043924888069189793,0.0006478630081309611,-0.050337231537382905,0.006627585387544229,-7.595108715156781,3.0753413558924277e-14,1.053071433987407e-13,True
swedish,delete,Gemma3n E2B,,15,5,ok,-13.328495466632521,0.19259497141274406,0.23579333922325424,0.4,0.13877859035627366,2.8822889681550765,0.003947974899057841,0.004849143082538435,True
swedish,delete,Gemma3n E4B,,15,5,ok,-23.429284868868237,1.1407224119020531,0.4753456831187138,1.2,0.33774582334975717,3.5529676965311396,0.00038091123725311613,0.0005483180867465239,True
swedish,delete,DeepSeek R1,,15,5,ok,-30.83820811623349,4.576915915441868,1.8689152853767316e-05,2.899999999999998,0.6765290766435589,4.286585898698799,1.814400625035827e-05,3.130187337848068e-05,True
swedish,delete,gpt 3.5,,15,5,ok,-38.78630481387112,15.546153846153848,2.3869839486640993e-33,1.9000000000000008,1.2468421650775956,1.5238496525193763,0.1275462728710462,0.1441272883442822,False
swedish,delete,gpt 4,,15,5,ok,-33.26466064116625,6.466257469817389,0.20328969631350224,3.9,0.8041304290858167,4.84995948285871,1.2348669617142473e-06,2.426782029107999e-06,True
swedish,delete,gpt-4.1,,15,5,ok,-24.75731793882249,1.7868713596838512,0.009839310542486565,3.2000000000000024,0.42271401203223113,7.570129943447459,3.728510820980611e-14,1.2576767843904747e-13,True
swedish,delete,gpt-4o,,15,5,ok,-34.411393796857816,7.930769230769224,2.221805970497903e-33,3.7000000000000015,0.8905486640700341,4.154742070006662,3.2565468865967784e-05,5.4116146791975874e-05,True
swedish,delete,gpt-5,,15,5,ok,-22.76352091602913,0.7148139246748054,1.5172891661812025,5.700000000000001,0.2673600427653327,21.31956571013495,7.474884321459094e-101,3.3786477132995103e-99,True
swedish,delete,gpt-5 mini,,15,5,ok,-25.23485008292385,1.174073979486697,1.5864201431226848,4.8999999999999995,0.3426476294222238,14.300405370562268,2.1753870590956086e-46,3.072734220972547e-45,True
swedish,delete,gpt-5 nano,,15,5,ok,-30.27740010078484,2.1185226405381683,5.8160194556167095,4.6000000000000005,0.46027411838361804,9.994044453670769,1.618405271840748e-23,1.1083623982909366e-22,True
swedish,delete,gpt-oss-120b,,15,5,ok,-31.316925695873202,3.0555988833904006,3.79242465835247,4.499999999999999,0.5527747175287959,8.140748585820731,3.928413783031903e-16,1.557581605202123e-15,True
swedish,delete,gpt-oss-20b,,3,1,ok,-1.4189385332046727,0.16666666666666666,0.16666666666666666,2.5,0.28867513459481287,8.660254037844387,4.707140590140351e-18,2.3640306074927096e-17,True
swedish,delete,bleurt_score,,15,5,ok,3.261084231956122,0.01767517157431952,0.010274577217546339,-0.10025863833725457,0.04204185007146988,-2.384734215235959,0.017091464486957784,0.019910675123981748,True
swedish,delete,bertscore_f1__roberta-large,,15,5,ok,37.1051000544288,0.00010426941475517849,4.026595103633221e-05,-0.01825905442237869,0.0032290774960533,-5.654572999469847,1.562341870106242e-08,3.602951659632762e-08,True
swedish,delete,bertscore_f1__xlm-roberta-base,,15,5,ok,42.984768388227884,4.6256080940353573e-05,9.279236422426096e-06,-0.015160882472991933,0.0021507226911053304,-7.049203756343052,1.7994449407351004e-12,5.570884337070311e-12,True
swedish,delete,bertscore_precision__roberta-large,,15,5,ok,34.397423653545076,0.0001554984527844201,6.636922668578214e-05,-0.017877346277236937,0.003943329212536283,-4.533566769014077,5.7995921788634736e-06,1.0570224455025364e-05,True
swedish,delete,bertscore_precision__xlm-roberta-base,,15,5,ok,43.42621935017117,3.014162238222223e-05,4.186932403426399e-05,-0.010915744304656985,0.0017361342800089584,-6.287384812539189,3.228583959892109e-10,8.291590624268372e-10,True
swedish,delete,bertscore_recall__roberta-large,,15,5,ok,38.09548405785246,8.652418898458423e-05,4.072917622528935e-05,-0.01858000755310041,0.002941499430300544,-6.316508975560814,2.6753791723458935e-10,7.03064759244386e-10,True
swedish,delete,bertscore_recall__xlm-roberta-base,,15,5,ok,38.03824048275055,9.258532194936193e-05,3.0612796525403575e-05,-0.019249874353408813,0.0030427836260464186,-6.326402636266569,2.5094251227837457e-10,6.67211856175443e-10,True
swedish,modify,bleu_score,,15,5,ok,4.130291233807068,0.016643487066077246,0.006437038008839445,-0.15393240706629624,0.04079643007185462,-3.773183261260252,0.00016117780528338452,0.0002412330065830788,True
swedish,modify,rouge_1,,15,5,ok,9.894177231172058,0.007515725393979165,0.0015116161318670808,-0.09995071742425644,0.02741482335157234,-3.645863996366911,0.0002664949004681793,0.00038856675810199044,True
swedish,modify,rouge_2,,15,5,ok,7.16498264917924,0.010286791817468156,0.00433047026574729,-0.1258948224756631,0.032073028883266005,-3.925255171062073,8.663784863860637e-05,0.00013692415239388141,True
swedish,modify,rouge_3,,15,5,ok,6.00676973460083,0.01177080456504771,0.006301013902651734,-0.13783906182154212,0.03430860615800023,-4.017623484520376,5.878803031054868e-05,9.558341618837412e-05,True
swedish,modify,rouge_4,,15,5,ok,5.310405017377729,0.012622857093153113,0.008168080225927828,-0.14568581978667838,0.03552866039291815,-4.100515419819138,4.1223096529766414e-05,6.75102885197624e-05,True
swedish,modify,rouge_l_score,,15,5,ok,7.459320054079257,0.010649905788267154,0.00264466394707339,-0.11476110839236062,0.032634193399358226,-3.516590926209853,0.000437126909161467,0.0006252574776613389,True
swedish,modify,Gemma3n E2B,,15,5,ok,-15.360775399710302,0.4230317247532845,8.882885863107604e-05,1.0999999999999996,0.20567735041887433,5.3481824700667495,8.884187357461912e-08,1.9493459638702837e-07,True
swedish,modify,Gemma3n E4B,,15,5,ok,-26.796808437562987,2.118519818727343,0.4382695911710248,3.6000000000000028,0.4602738118476156,7.821431303138895,5.222607013446478e-15,1.9225948814071976e-14,True
swedish,modify,DeepSeek R1,,15,5,ok,-29.18575344109066,3.5473473888270677,0.0023282546373663646,1.6,0.5955961206075024,2.686384186599495,0.007222998354019337,0.008637024486816773,True
swedish,modify,gpt 3.5,,15,5,ok,-36.55102730756031,9.229629989761172,2.4012339669474407,3.6,0.9607096330193204,3.7472300435730115,0.00017879809750387735,0.00026410699369853774,True
swedish,modify,gpt 4,,15,5,ok,-34.31946664600938,6.859275035089222,1.2135568764743612,5.399999999999997,0.8282074036791278,6.520105925172479,7.025775817250058e-11,1.9130425719259192e-10,True
swedish,modify,gpt-4.1,,15,5,ok,-29.405943113869668,3.6715713662882745,0.000242502892398247,2.3999999999999955,0.6059349277181724,3.960821352612742,7.469239962396847e-05,0.0001188766360212456,True
swedish,modify,gpt-4o,,15,5,ok,-39.29940378524065,16.823076920744214,2.7908296542549367e-09,4.299999999999999,1.297038045731282,3.3152458512314644,0.0009156255792574444,0.001246574583808328,True
swedish,modify,gpt-5,,15,5,ok,-46.28802510552507,49.300000000000026,7.147256015452708e-33,7.300000000000003,2.220360331117453,3.2877546485106284,0.0010098981002733415,0.001359371838099484,True
swedish,modify,gpt-5 mini,,15,5,ok,-33.396793014791726,6.784615384615383,2.0223963966105264e-32,5.200000000000002,0.823687767580373,6.313071778733926,2.735505404676583e-10,7.106025533987446e-10,True
swedish,modify,gpt-5 nano,,15,5,ok,-25.805220102052488,1.1111407019309403,2.6072191265998015,5.0,0.33333777192675607,14.999800265955592,7.364058947352374e-51,1.1887695157868832e-49,True
swedish,modify,gpt-oss-120b,,15,5,ok,-39.86547306802368,18.353846153846145,2.0920507945372981e-32,5.400000000000002,1.354763675105224,3.9859350374009592,6.721490151196694e-05,0.00010773452299081226,True
swedish,modify,gpt-oss-20b,,3,1,ok,-3.028376445638773,4.166666666666666,4.166666666666666,2.5,1.4433756729740643,1.7320508075688774,0.08326451666355039,0.09503929679778984,False
swedish,modify,bleurt_score,,15,5,ok,0.8977832253411915,0.013067639928090199,0.09961687067018604,-0.050125128030776976,0.036149190762851384,-1.3866182609622322,0.16555819700921182,0.18522847784198948,False
swedish,modify,bertscore_f1__roberta-large,,15,5,ok,31.087851592014673,0.00023831482490960324,0.00015719902864924827,-0.018897312879562377,0.004881749941461598,-3.8710120563661055,0.00010838443070988465,0.00016777315986598584,True
swedish,modify,bertscore_f1__xlm-roberta-base,,15,5,ok,31.807948666307723,0.00022404675592402757,0.00011500756350351159,-0.022400724887847723,0.004733357750308207,-4.73252309872186,2.217460608395952e-06,4.211311743676345e-06,True
swedish,modify,bertscore_precision__roberta-large,,15,5,ok,30.90679277648981,0.0002448138574800376,0.00016223738588179003,-0.019196540117263794,0.00494786678761704,-3.8797609032859817,0.0001045591939555364,0.00016296812299276708,True
swedish,modify,bertscore_precision__xlm-roberta-base,,15,5,ok,32.11755381909644,0.0002143766181393332,0.00010798428760450116,-0.023400479555129826,0.004630082268592354,-5.054009453323188,4.326301797379695e-07,8.970130332181754e-07,True
swedish,modify,bertscore_recall__roberta-large,,15,5,ok,31.255989070709788,0.0002325344737440305,0.00015240280202845035,-0.018598413467407048,0.0048221828433193045,-3.8568453481960887,0.00011485978043537948,0.00017636406930062216,True
swedish,modify,bertscore_recall__xlm-roberta-base,,15,5,ok,31.06393814430004,0.0002570320182857315,0.00011634275582892979,-0.021382486820220946,0.005069832524706625,-4.217592339790017,2.46924713246609e-05,4.164551133860719e-05,True
swedish,synonyms,bleu_score,,15,5,ok,30.085120334637637,9.362171729975402e-05,0.0031663333113119457,-0.04249520608870979,0.003059766613644806,-13.888381518775162,7.449974897200389e-44,8.861549088248883e-43,True
swedish,synonyms,rouge_1,,15,5,ok,36.0503802689321,5.964597832027403e-05,0.0004268181150249273,-0.021683292656380936,0.0024422526142943123,-8.878398790309541,6.782967509846916e-19,3.64988251720334e-18,True
swedish,synonyms,rouge_2,,15,5,ok,29.504630686411446,0.0001285943775091941,0.00204987719214745,-0.04000336920847294,0.003586005821372772,-11.155411117865699,6.738063983697766e-29,5.640009112280352e-28,True
swedish,synonyms,rouge_3,,15,5,ok,25.290662071413706,0.0002466034855033408,0.00389445990678131,-0.054698665433382344,0.004965918701542955,-11.014812911936513,3.242094507060501e-28,2.616833423555976e-27,True
swedish,synonyms,rouge_4,,15,5,ok,22.274364988772053,0.0003991367502948712,0.005947933751494351,-0.06642678857026772,0.006317727046136697,-10.514349240663671,7.419121006690561e-26,5.408778540361507e-25,True
swedish,synonyms,rouge_l_score,,15,5,ok,33.93609851505872,7.227087194601177e-05,0.000810583388096246,-0.026519544420679286,0.002688324235392966,-9.86471202823598,5.920408716219074e-23,3.935330499604443e-22,True
swedish,synonyms,Gemma3n E2B,,15,5,ok,-16.344934062288207,0.4888721694557497,0.0037221028388359483,0.4,0.22110453850062634,1.8090990022751927,0.07043562407013387,0.08080431999923987,False
swedish,synonyms,Gemma3n E4B,,15,5,ok,-27.45965385732186,2.0296217585158858,1.0790302880854437,2.1999999999999997,0.4505132360448343,4.8833193433212685,1.0431472259238518e-06,2.0679936233227236e-06,True
swedish,synonyms,DeepSeek R1,,15,5,ok,-22.217296943888798,1.0851851851623595,0.16049382719281716,0.7,0.3294214906715043,2.1249372606902344,0.03359184833751905,0.03893209089374002,True
swedish,synonyms,gpt 3.5,,15,5,ok,-26.39440711425825,2.3102386788670044,4.160604787980888e-05,0.7000000000000005,0.48064942305874125,1.4563629256961617,0.14529231872218928,0.1633635026428596,False
swedish,synonyms,gpt-4.1,,15,5,ok,-12.212909257879613,0.12222216775249375,0.43703753428032777,0.29999999999999993,0.11055413504364899,2.71360270587395,0.006655593335985615,0.00800104537809507,True
swedish,synonyms,gpt-5,,15,5,ok,-12.487654349025377,0.14814789510638543,0.3061742902865315,2.2204460492503132e-17,0.12171601994248145,1.8242841413148532e-16,0.9999999999999999,1.0,False
swedish,synonyms,gpt-5 mini,,15,5,ok,-7.372111736345143,0.06296318121858785,0.1678996886071552,0.10000000000000002,0.07934934229002018,1.260249891353883,0.20757923004557466,0.22234298153425133,False
swedish,synonyms,gpt-5 nano,,15,5,ok,-16.757618168341615,0.2851847380513819,0.593829739752068,-0.09999999999999998,0.16887413598635576,-0.5921569896770901,0.5537454675876735,0.5714450944055444,False
swedish,synonyms,gpt-oss-120b,,15,5,ok,-5.864568131512279,0.06296302782781252,0.06790100690568775,0.1,0.07934924563460734,1.260251426465812,0.20757867644061634,0.22234298153425133,False
swedish,synonyms,gpt-oss-20b,,9,3,ok,-3.973374446801273,0.0999985595870971,0.0037055176242307714,0.16666666666666663,0.12909851508770162,1.2910037466615594,0.19670237833699478,0.21791537992235696,False
swedish,synonyms,bleurt_score,,15,5,ok,2.5895454996846716,0.008900792100816662,0.1029065406767445,-0.03759826868772507,0.029834195314800534,-1.2602407502867299,0.2075825265961715,0.22234298153425133,False
swedish,synonyms,bertscore_f1__roberta-large,,15,5,ok,41.84689253465443,2.1172478010716177e-05,0.00024609996886847525,-0.004677194356918357,0.0014550765619277969,-3.214397427116585,0.001307186087159913,0.0017377885629302375,True
swedish,synonyms,bertscore_f1__xlm-roberta-base,,15,5,ok,42.02794422952759,2.2971549909774117e-05,0.00018482209803200129,-0.004659491777420111,0.001515636826874239,-3.0742798636198194,0.002110113838275083,0.002664166075140607,True
swedish,synonyms,bertscore_precision__roberta-large,,15,5,ok,41.013508143135496,2.5185446966216406e-05,0.00025147561074565167,-0.005033469200134255,0.0015869923429625112,-3.171703519840586,0.0015154763734667482,0.0020029102947572226,True
swedish,synonyms,bertscore_precision__xlm-roberta-base,,15,5,ok,41.62592587275154,2.4565762615470837e-05,0.00019416749930283912,-0.004935503005981468,0.0015673468861573318,-3.148953846510553,0.001638560714702143,0.002128245525992439,True
swedish,synonyms,bertscore_recall__roberta-large,,15,5,ok,42.740298581726655,1.754940671713108e-05,0.00024120078452924014,-0.0043198108673095596,0.0013247417377410242,-3.2608702090686643,0.0011107086866929989,0.0014853264094237735,True
swedish,synonyms,bertscore_recall__xlm-roberta-base,,15,5,ok,42.33888697360988,2.169877208708069e-05,0.0001800778225491658,-0.00438095331192021,0.001473050307595796,-2.9740690384637842,0.002938789464886491,0.003689813439246372,True
english,delete,cosine_similarity,OpenAI Large,15,5,ok,26.111780014807096,0.00044917485309457176,0.0005346255320067996,-0.01942129522060064,0.006702050828623816,-2.8978137762927956,0.0037577363962186363,0.004640701778936676,True
english,modify,cosine_similarity,OpenAI Large,15,5,ok,27.567886216251296,0.0005730005966477198,6.207606889244401e-08,-0.029184874717608958,0.007569680288147705,-3.8554963494700614,0.00011549505423226585,0.00017636406930062216,True
english,synonyms,cosine_similarity,OpenAI Large,15,5,ok,55.489510316563106,9.993692894203155e-07,0.00026545570750814295,-0.0021099264658575477,0.00031612802618880784,-6.6742784285673915,2.484515327713757e-11,7.198723898247552e-11,True
finnish,delete,cosine_similarity,OpenAI Large,15,5,ok,25.240707648657875,0.0004721024515424843,0.0007883963257676888,-0.025889486011404374,0.006870971194398098,-3.767951469875477,0.00016459268958008593,0.00024472334108618037,True
finnish,modify,cosine_similarity,OpenAI Large,15,5,ok,23.27613078083251,0.001109047474403767,1.875401215921491e-11,-0.03673384849996175,0.010531132296214723,-3.488119555118043,0.00048643052191474345,0.000691404389639824,True
finnish,synonyms,cosine_similarity,OpenAI Large,15,5,ok,49.98931650558699,5.76416062420918e-06,7.873076673254073e-05,-0.003313176342364598,0.0007592206941469113,-4.363917327210643,1.2775387365983835e-05,2.273415389537281e-05,True
swedish,delete,cosine_similarity,OpenAI Large,15,5,ok,24.688041528231288,0.0006568906744318222,0.0003739818672817942,-0.025337346273254208,0.008104879236804353,-3.126184306139568,0.0017709052728215712,0.002285317072549228,True
swedish,modify,cosine_similarity,OpenAI Large,15,5,ok,23.44825971583753,0.0010587290679288394,2.3641051610186827e-05,-0.032456530411879216,0.010289456098010429,-3.1543485003211216,0.0016085687162767659,0.0021042826310383473,True
swedish,synonyms,cosine_similarity,OpenAI Large,15,5,ok,43.00270616609975,1.2144571676252572e-05,0.0004920131006403271,-0.002941287785257377,0.0011020241229779215,-2.668986752585183,0.007608045091630665,0.009049569424781738,True
